Workbook

Sheet Items_Master
A1: SKU | B1: Description | C1: Category | D1: Unit Cost | E1: Sales Price | F1: Reorder Level | G1: Lead Time (days) | H1: Date Needed | I1: Loc1 Bin | J1: Loc2 Bin | K1: Loc3 Bin | L1: Barcode Text (SKU)
A2: LAB-001 | B2: Sodium Chloride (NaCl) 500g | C2: Reagents | D2: 0.05 | E2: 0.1 | F2: 100 | G2: 3 | H2: 2026-03-01 | I2: CHEM-01 | L2: LAB-001
A3: LAB-002 | B3: Ethanol 95% 1L | C3: Reagents | D3: 0.08 | E3: 0.15 | F3: 500 | G3: 5 | H3: 2026-03-05 | I3: CHEM-02 | L3: LAB-002
A4: LAB-003 | B4: 50mL Falcon Tubes (pk/50) | C4: Plasticware | D4: 0.45 | E4: 0.9 | F4: 50 | G4: 7 | H4: 2026-03-10 | I4: CONS-01 | L4: LAB-003
A5: LAB-004 | B5: pH Meter Probe | C5: Equipment | D5: 125 | E5: 200 | F5: 1 | G5: 14 | H5: 2026-03-15 | I5: EQUIP-01 | L5: LAB-004
A6: LAB-005 | B6: Nitrile Gloves Medium (bx/100) | C6: Safety | D6: 8.5 | E6: 14 | F6: 5 | G6: 3 | H6: 2026-03-01 | I6: PPE-01 | L6: LAB-005
A7: LAB-006 | B7: Phosphate Buffer pH7 1L | C7: Reagents | D7: 0.12 | E7: 0.25 | F7: 200 | G7: 5 | H7: 2026-03-05 | I7: CHEM-03 | J7: COLD-01 | L7: LAB-006
A8: LAB-007 | B8: Micropipette 100-1000uL | C8: Equipment | D8: 285 | E8: 400 | F8: 1 | G8: 21 | H8: 2026-03-20 | I8: EQUIP-02 | L8: LAB-007
A9: LAB-008 | B9: 1.5mL Eppendorf Tubes (pk/500) | C9: Plasticware | D9: 0.15 | E9: 0.3 | F9: 200 | G9: 5 | H9: 2026-03-10 | I9: CONS-02 | L9: LAB-008
A10: LAB-009 | B10: Liquid Nitrogen 10L Dewar | C10: Reagents | D10: 1.2 | E10: 2.5 | F10: 20 | G10: 2 | H10: 2026-02-25 | I10: CRYO-01 | L10: LAB-009
A11: LAB-010 | B11: Lab Coat Size L | C11: Safety | D11: 22 | E11: 35 | F11: 2 | G11: 7 | H11: 2026-03-05 | I11: PPE-02 | L11: LAB-010
A12: LAB-011 | B12: Acetone HPLC Grade 1L | C12: Reagents | D12: 8.5 | E12: 14 | F12: 3 | G12: 5 | H12: 2026-02-19 | I12: CHEM-04 | L12: LAB-011

Sheet Transactions
A1: Date | B1: Type (IN/OUT) | C1: SKU | D1: Qty | E1: Location (1-3) | F1: Notes | G1: In Qty | H1: Out Qty
A2: 25568.751 | B2: IN | C2: LAB-001 | D2: 500 | E2: 1 | F2: Initial stock receive | G2: =IF($B2="IN",$D2,0) | H2: =IF($B2="OUT",$D2,0)
A3: 25568.751 | B3: IN | C3: LAB-002 | D3: 2000 | E3: 1 | F3: Initial stock receive | G3: =IF($B3="IN",$D3,0) | H3: =IF($B3="OUT",$D3,0)
A4: 25568.751 | B4: IN | C4: LAB-003 | D4: 200 | E4: 1 | F4: Initial stock receive | G4: =IF($B4="IN",$D4,0) | H4: =IF($B4="OUT",$D4,0)
A5: 25568.751 | B5: IN | C5: LAB-004 | D5: 3 | E5: 1 | F5: Initial stock receive | G5: =IF($B5="IN",$D5,0) | H5: =IF($B5="OUT",$D5,0)
A6: 25568.751 | B6: IN | C6: LAB-005 | D6: 15 | E6: 1 | F6: Initial stock receive | G6: =IF($B6="IN",$D6,0) | H6: =IF($B6="OUT",$D6,0)
A7: 25568.751 | B7: IN | C7: LAB-006 | D7: 800 | E7: 1 | F7: Initial stock receive | G7: =IF($B7="IN",$D7,0) | H7: =IF($B7="OUT",$D7,0)
A8: 25568.751 | B8: IN | C8: LAB-006 | D8: 200 | E8: 2 | F8: Secondary location stock | G8: =IF($B8="IN",$D8,0) | H8: =IF($B8="OUT",$D8,0)
A9: 25568.751 | B9: IN | C9: LAB-007 | D9: 4 | E9: 1 | F9: Initial stock receive | G9: =IF($B9="IN",$D9,0) | H9: =IF($B9="OUT",$D9,0)
A10: 25568.751 | B10: IN | C10: LAB-008 | D10: 1000 | E10: 1 | F10: Initial stock receive | G10: =IF($B10="IN",$D10,0) | H10: =IF($B10="OUT",$D10,0)
A11: 25568.751 | B11: IN | C11: LAB-009 | D11: 50 | E11: 1 | F11: Initial stock receive | G11: =IF($B11="IN",$D11,0) | H11: =IF($B11="OUT",$D11,0)
A12: 25568.751 | B12: IN | C12: LAB-010 | D12: 8 | E12: 1 | F12: Initial stock receive | G12: =IF($B12="IN",$D12,0) | H12: =IF($B12="OUT",$D12,0)
A13: 25568.751 | B13: OUT | C13: LAB-001 | D13: 50 | E13: 1 | F13: EXP-2024-001 buffer prep | G13: =IF($B13="IN",$D13,0) | H13: =IF($B13="OUT",$D13,0)
... A22: 25568.751 | B22: OUT | C22: LAB-003 | D22: 10 | E22: 1 | F22: Sample prep | G22: =IF($B22="IN",$D22,0) | H22: =IF($B22="OUT",$D22,0)
A23: 2026-02-19 | B23: IN | C23: LAB-009 | D23: 30 | E23: 1 | F23: Restocked Airgas delivery | G23: =IF($B23="IN",$D23,0) | H23: =IF($B23="OUT",$D23,0)
A24: 2026-02-19 | B24: OUT | C24: LAB-009 | D24: 5 | E24: 1 | F24: Cryo cell storage EXP-2026-001 | G24: =IF($B24="IN",$D24,0) | H24: =IF($B24="OUT",$D24,0)
G25: =IF($B25="IN",$D25,0) | H25: =IF($B25="OUT",$D25,0)
G26: =IF($B26="IN",$D26,0) | H26: =IF($B26="OUT",$D26,0)
G27: =IF($B27="IN",$D27,0) | H27: =IF($B27="OUT",$D27,0)
G28: =IF($B28="IN",$D28,0) | H28: =IF($B28="OUT",$D28,0)
G29: =IF($B29="IN",$D29,0) | H29: =IF($B29="OUT",$D29,0)
G30: =IF($B30="IN",$D30,0) | H30: =IF($B30="OUT",$D30,0)
G31: =IF($B31="IN",$D31,0) | H31: =IF($B31="OUT",$D31,0)
G32: =IF($B32="IN",$D32,0) | H32: =IF($B32="OUT",$D32,0)
G33: =IF($B33="IN",$D33,0) | H33: =IF($B33="OUT",$D33,0)
G34: =IF($B34="IN",$D34,0) | H34: =IF($B34="OUT",$D34,0)
G35: =IF($B35="IN",$D35,0) | H35: =IF($B35="OUT",$D35,0)
G36: =IF($B36="IN",$D36,0) | H36: =IF($B36="OUT",$D36,0)
... G5001: =IF($B5001="IN",$D5001,0) | H5001: =IF($B5001="OUT",$D5001,0)

Sheet Inventory_Summary
A1: SKU | B1: Description | C1: Category | D1: Loc1 On Hand | E1: Loc2 On Hand | F1: Loc3 On Hand | G1: Total On Hand | H1: Reorder Level | I1: Status | J1: Unit Cost | K1: Sales Price | L1: Total Cost Value | M1: Total Sales Value | N1: Scan Count
A2: =IF(ROW()-1<=COUNTA(Items_Master!$A$2:$A$2001),INDEX(Items_Master!$A$2:$A$2001,ROW()-1),"") | B2: =IF($A2="","",VLOOKUP($A2,Items_Master!$A$2:$L$2001,2,FALSE)) | C2: =IF($A2="","",VLOOKUP($A2,Items_Master!$A$2:$L$2001,3,FALSE)) | D2: =IF($A2="","",SUMIFS(Transactions!$G$2:$G$5001,Transactions!$C$2:$C$5001,$A2,Transactions!$E$2:$E$5001,1)-SUMIFS(Transactions!$H$2:$H$5001,Transactions!$C$2:$C$5001,$A2,Transactions!$E$2:$E$5001,1)) | E2: =IF($A2="","",SUMIFS(Transactions!$G$2:$G$5001,Transactions!$C$2:$C$5001,$A2,Transactions!$E$2:$E$5001,2)-SUMIFS(Transactions!$H$2:$H$5001,Transactions!$C$2:$C$5001,$A2,Transactions!$E$2:$E$5001,2)) | F2: =IF($A2="","",SUMIFS(Transactions!$G$2:$G$5001,Transactions!$C$2:$C$5001,$A2,Transactions!$E$2:$E$5001,3)-SUMIFS(Transactions!$H$2:$H$5001,Transactions!$C$2:$C$5001,$A2,Transactions!$E$2:$E$5001,3)) | G2: =IF($A2="","",SUM($D2:$F2)) | H2: =IF($A2="","",VLOOKUP($A2,Items_Master!$A$2:$L$2001,6,FALSE)) | I2: =IF($A2="","",IF($G2<=$H2,"LOW","OK")) | J2: =IF($A2="","",VLOOKUP($A2,Items_Master!$A$2:$L$2001,4,FALSE)) | K2: =IF($A2="","",VLOOKUP($A2,Items_Master!$A$2:$L$2001,5,FALSE)) | L2: =IF($A2="","",$G2*$J2) | M2: =IF($A2="","",$G2*$K2) | N2: =IF($A2="","",COUNTIF(Transactions!$C$2:$C$5001,$A2))
A3: =IF(ROW()-1<=COUNTA(Items_Master!$A$2:$A$2001),INDEX(Items_Master!$A$2:$A$2001,ROW()-1),"") | B3: =IF($A3="","",VLOOKUP($A3,Items_Master!$A$2:$L$2001,2,FALSE)) | C3: =IF($A3="","",VLOOKUP($A3,Items_Master!$A$2:$L$2001,3,FALSE)) | D3: =IF($A3="","",SUMIFS(Transactions!$G$2:$G$5001,Transactions!$C$2:$C$5001,$A3,Transactions!$E$2:$E$5001,1)-SUMIFS(Transactions!$H$2:$H$5001,Transactions!$C$2:$C$5001,$A3,Transactions!$E$2:$E$5001,1)) | E3: =IF($A3="","",SUMIFS(Transactions!$G$2:$G$5001,Transactions!$C$2:$C$5001,$A3,Transactions!$E$2:$E$5001,2)-SUMIFS(Transactions!$H$2:$H$5001,Transactions!$C$2:$C$5001,$A3,Transactions!$E$2:$E$5001,2)) | F3: =IF($A3="","",SUMIFS(Transactions!$G$2:$G$5001,Transactions!$C$2:$C$5001,$A3,Transactions!$E$2:$E$5001,3)-SUMIFS(Transactions!$H$2:$H$5001,Transactions!$C$2:$C$5001,$A3,Transactions!$E$2:$E$5001,3)) | G3: =IF($A3="","",SUM($D3:$F3)) | H3: =IF($A3="","",VLOOKUP($A3,Items_Master!$A$2:$L$2001,6,FALSE)) | I3: =IF($A3="","",IF($G3<=$H3,"LOW","OK")) | J3: =IF($A3="","",VLOOKUP($A3,Items_Master!$A$2:$L$2001,4,FALSE)) | K3: =IF($A3="","",VLOOKUP($A3,Items_Master!$A$2:$L$2001,5,FALSE)) | L3: =IF($A3="","",$G3*$J3) | M3: =IF($A3="","",$G3*$K3) | N3: =IF($A3="","",COUNTIF(Transactions!$C$2:$C$5001,$A3))
A4: =IF(ROW()-1<=COUNTA(Items_Master!$A$2:$A$2001),INDEX(Items_Master!$A$2:$A$2001,ROW()-1),"") | B4: =IF($A4="","",VLOOKUP($A4,Items_Master!$A$2:$L$2001,2,FALSE)) | C4: =IF($A4="","",VLOOKUP($A4,Items_Master!$A$2:$L$2001,3,FALSE)) | D4: =IF($A4="","",SUMIFS(Transactions!$G$2:$G$5001,Transactions!$C$2:$C$5001,$A4,Transactions!$E$2:$E$5001,1)-SUMIFS(Transactions!$H$2:$H$5001,Transactions!$C$2:$C$5001,$A4,Transactions!$E$2:$E$5001,1)) | E4: =IF($A4="","",SUMIFS(Transactions!$G$2:$G$5001,Transactions!$C$2:$C$5001,$A4,Transactions!$E$2:$E$5001,2)-SUMIFS(Transactions!$H$2:$H$5001,Transactions!$C$2:$C$5001,$A4,Transactions!$E$2:$E$5001,2)) | F4: =IF($A4="","",SUMIFS(Transactions!$G$2:$G$5001,Transactions!$C$2:$C$5001,$A4,Transactions!$E$2:$E$5001,3)-SUMIFS(Transactions!$H$2:$H$5001,Transactions!$C$2:$C$5001,$A4,Transactions!$E$2:$E$5001,3)) | G4: =IF($A4="","",SUM($D4:$F4)) | H4: =IF($A4="","",VLOOKUP($A4,Items_Master!$A$2:$L$2001,6,FALSE)) | I4: =IF($A4="","",IF($G4<=$H4,"LOW","OK")) | J4: =IF($A4="","",VLOOKUP($A4,Items_Master!$A$2:$L$2001,4,FALSE)) | K4: =IF($A4="","",VLOOKUP($A4,Items_Master!$A$2:$L$2001,5,FALSE)) | L4: =IF($A4="","",$G4*$J4) | M4: =IF($A4="","",$G4*$K4) | N4: =IF($A4="","",COUNTIF(Transactions!$C$2:$C$5001,$A4))
A5: =IF(ROW()-1<=COUNTA(Items_Master!$A$2:$A$2001),INDEX(Items_Master!$A$2:$A$2001,ROW()-1),"") | B5: =IF($A5="","",VLOOKUP($A5,Items_Master!$A$2:$L$2001,2,FALSE)) | C5: =IF($A5="","",VLOOKUP($A5,Items_Master!$A$2:$L$2001,3,FALSE)) | D5: =IF($A5="","",SUMIFS(Transactions!$G$2:$G$5001,Transactions!$C$2:$C$5001,$A5,Transactions!$E$2:$E$5001,1)-SUMIFS(Transactions!$H$2:$H$5001,Transactions!$C$2:$C$5001,$A5,Transactions!$E$2:$E$5001,1)) | E5: =IF($A5="","",SUMIFS(Transactions!$G$2:$G$5001,Transactions!$C$2:$C$5001,$A5,Transactions!$E$2:$E$5001,2)-SUMIFS(Transactions!$H$2:$H$5001,Transactions!$C$2:$C$5001,$A5,Transactions!$E$2:$E$5001,2)) | F5: =IF($A5="","",SUMIFS(Transactions!$G$2:$G$5001,Transactions!$C$2:$C$5001,$A5,Transactions!$E$2:$E$5001,3)-SUMIFS(Transactions!$H$2:$H$5001,Transactions!$C$2:$C$5001,$A5,Transactions!$E$2:$E$5001,3)) | G5: =IF($A5="","",SUM($D5:$F5)) | H5: =IF($A5="","",VLOOKUP($A5,Items_Master!$A$2:$L$2001,6,FALSE)) | I5: =IF($A5="","",IF($G5<=$H5,"LOW","OK")) | J5: =IF($A5="","",VLOOKUP($A5,Items_Master!$A$2:$L$2001,4,FALSE)) | K5: =IF($A5="","",VLOOKUP($A5,Items_Master!$A$2:$L$2001,5,FALSE)) | L5: =IF($A5="","",$G5*$J5) | M5: =IF($A5="","",$G5*$K5) | N5: =IF($A5="","",COUNTIF(Transactions!$C$2:$C$5001,$A5))
A6: =IF(ROW()-1<=COUNTA(Items_Master!$A$2:$A$2001),INDEX(Items_Master!$A$2:$A$2001,ROW()-1),"") | B6: =IF($A6="","",VLOOKUP($A6,Items_Master!$A$2:$L$2001,2,FALSE)) | C6: =IF($A6="","",VLOOKUP($A6,Items_Master!$A$2:$L$2001,3,FALSE)) | D6: =IF($A6="","",SUMIFS(Transactions!$G$2:$G$5001,Transactions!$C$2:$C$5001,$A6,Transactions!$E$2:$E$5001,1)-SUMIFS(Transactions!$H$2:$H$5001,Transactions!$C$2:$C$5001,$A6,Transactions!$E$2:$E$5001,1)) | E6: =IF($A6="","",SUMIFS(Transactions!$G$2:$G$5001,Transactions!$C$2:$C$5001,$A6,Transactions!$E$2:$E$5001,2)-SUMIFS(Transactions!$H$2:$H$5001,Transactions!$C$2:$C$5001,$A6,Transactions!$E$2:$E$5001,2)) | F6: =IF($A6="","",SUMIFS(Transactions!$G$2:$G$5001,Transactions!$C$2:$C$5001,$A6,Transactions!$E$2:$E$5001,3)-SUMIFS(Transactions!$H$2:$H$5001,Transactions!$C$2:$C$5001,$A6,Transactions!$E$2:$E$5001,3)) | G6: =IF($A6="","",SUM($D6:$F6)) | H6: =IF($A6="","",VLOOKUP($A6,Items_Master!$A$2:$L$2001,6,FALSE)) | I6: =IF($A6="","",IF($G6<=$H6,"LOW","OK")) | J6: =IF($A6="","",VLOOKUP($A6,Items_Master!$A$2:$L$2001,4,FALSE)) | K6: =IF($A6="","",VLOOKUP($A6,Items_Master!$A$2:$L$2001,5,FALSE)) | L6: =IF($A6="","",$G6*$J6) | M6: =IF($A6="","",$G6*$K6) | N6: =IF($A6="","",COUNTIF(Transactions!$C$2:$C$5001,$A6))
A7: =IF(ROW()-1<=COUNTA(Items_Master!$A$2:$A$2001),INDEX(Items_Master!$A$2:$A$2001,ROW()-1),"") | B7: =IF($A7="","",VLOOKUP($A7,Items_Master!$A$2:$L$2001,2,FALSE)) | C7: =IF($A7="","",VLOOKUP($A7,Items_Master!$A$2:$L$2001,3,FALSE)) | D7: =IF($A7="","",SUMIFS(Transactions!$G$2:$G$5001,Transactions!$C$2:$C$5001,$A7,Transactions!$E$2:$E$5001,1)-SUMIFS(Transactions!$H$2:$H$5001,Transactions!$C$2:$C$5001,$A7,Transactions!$E$2:$E$5001,1)) | E7: =IF($A7="","",SUMIFS(Transactions!$G$2:$G$5001,Transactions!$C$2:$C$5001,$A7,Transactions!$E$2:$E$5001,2)-SUMIFS(Transactions!$H$2:$H$5001,Transactions!$C$2:$C$5001,$A7,Transactions!$E$2:$E$5001,2)) | F7: =IF($A7="","",SUMIFS(Transactions!$G$2:$G$5001,Transactions!$C$2:$C$5001,$A7,Transactions!$E$2:$E$5001,3)-SUMIFS(Transactions!$H$2:$H$5001,Transactions!$C$2:$C$5001,$A7,Transactions!$E$2:$E$5001,3)) | G7: =IF($A7="","",SUM($D7:$F7)) | H7: =IF($A7="","",VLOOKUP($A7,Items_Master!$A$2:$L$2001,6,FALSE)) | I7: =IF($A7="","",IF($G7<=$H7,"LOW","OK")) | J7: =IF($A7="","",VLOOKUP($A7,Items_Master!$A$2:$L$2001,4,FALSE)) | K7: =IF($A7="","",VLOOKUP($A7,Items_Master!$A$2:$L$2001,5,FALSE)) | L7: =IF($A7="","",$G7*$J7) | M7: =IF($A7="","",$G7*$K7) | N7: =IF($A7="","",COUNTIF(Transactions!$C$2:$C$5001,$A7))
A8: =IF(ROW()-1<=COUNTA(Items_Master!$A$2:$A$2001),INDEX(Items_Master!$A$2:$A$2001,ROW()-1),"") | B8: =IF($A8="","",VLOOKUP($A8,Items_Master!$A$2:$L$2001,2,FALSE)) | C8: =IF($A8="","",VLOOKUP($A8,Items_Master!$A$2:$L$2001,3,FALSE)) | D8: =IF($A8="","",SUMIFS(Transactions!$G$2:$G$5001,Transactions!$C$2:$C$5001,$A8,Transactions!$E$2:$E$5001,1)-SUMIFS(Transactions!$H$2:$H$5001,Transactions!$C$2:$C$5001,$A8,Transactions!$E$2:$E$5001,1)) | E8: =IF($A8="","",SUMIFS(Transactions!$G$2:$G$5001,Transactions!$C$2:$C$5001,$A8,Transactions!$E$2:$E$5001,2)-SUMIFS(Transactions!$H$2:$H$5001,Transactions!$C$2:$C$5001,$A8,Transactions!$E$2:$E$5001,2)) | F8: =IF($A8="","",SUMIFS(Transactions!$G$2:$G$5001,Transactions!$C$2:$C$5001,$A8,Transactions!$E$2:$E$5001,3)-SUMIFS(Transactions!$H$2:$H$5001,Transactions!$C$2:$C$5001,$A8,Transactions!$E$2:$E$5001,3)) | G8: =IF($A8="","",SUM($D8:$F8)) | H8: =IF($A8="","",VLOOKUP($A8,Items_Master!$A$2:$L$2001,6,FALSE)) | I8: =IF($A8="","",IF($G8<=$H8,"LOW","OK")) | J8: =IF($A8="","",VLOOKUP($A8,Items_Master!$A$2:$L$2001,4,FALSE)) | K8: =IF($A8="","",VLOOKUP($A8,Items_Master!$A$2:$L$2001,5,FALSE)) | L8: =IF($A8="","",$G8*$J8) | M8: =IF($A8="","",$G8*$K8) | N8: =IF($A8="","",COUNTIF(Transactions!$C$2:$C$5001,$A8))
A9: =IF(ROW()-1<=COUNTA(Items_Master!$A$2:$A$2001),INDEX(Items_Master!$A$2:$A$2001,ROW()-1),"") | B9: =IF($A9="","",VLOOKUP($A9,Items_Master!$A$2:$L$2001,2,FALSE)) | C9: =IF($A9="","",VLOOKUP($A9,Items_Master!$A$2:$L$2001,3,FALSE)) | D9: =IF($A9="","",SUMIFS(Transactions!$G$2:$G$5001,Transactions!$C$2:$C$5001,$A9,Transactions!$E$2:$E$5001,1)-SUMIFS(Transactions!$H$2:$H$5001,Transactions!$C$2:$C$5001,$A9,Transactions!$E$2:$E$5001,1)) | E9: =IF($A9="","",SUMIFS(Transactions!$G$2:$G$5001,Transactions!$C$2:$C$5001,$A9,Transactions!$E$2:$E$5001,2)-SUMIFS(Transactions!$H$2:$H$5001,Transactions!$C$2:$C$5001,$A9,Transactions!$E$2:$E$5001,2)) | F9: =IF($A9="","",SUMIFS(Transactions!$G$2:$G$5001,Transactions!$C$2:$C$5001,$A9,Transactions!$E$2:$E$5001,3)-SUMIFS(Transactions!$H$2:$H$5001,Transactions!$C$2:$C$5001,$A9,Transactions!$E$2:$E$5001,3)) | G9: =IF($A9="","",SUM($D9:$F9)) | H9: =IF($A9="","",VLOOKUP($A9,Items_Master!$A$2:$L$2001,6,FALSE)) | I9: =IF($A9="","",IF($G9<=$H9,"LOW","OK")) | J9: =IF($A9="","",VLOOKUP($A9,Items_Master!$A$2:$L$2001,4,FALSE)) | K9: =IF($A9="","",VLOOKUP($A9,Items_Master!$A$2:$L$2001,5,FALSE)) | L9: =IF($A9="","",$G9*$J9) | M9: =IF($A9="","",$G9*$K9) | N9: =IF($A9="","",COUNTIF(Transactions!$C$2:$C$5001,$A9))
A10: =IF(ROW()-1<=COUNTA(Items_Master!$A$2:$A$2001),INDEX(Items_Master!$A$2:$A$2001,ROW()-1),"") | B10: =IF($A10="","",VLOOKUP($A10,Items_Master!$A$2:$L$2001,2,FALSE)) | C10: =IF($A10="","",VLOOKUP($A10,Items_Master!$A$2:$L$2001,3,FALSE)) | D10: =IF($A10="","",SUMIFS(Transactions!$G$2:$G$5001,Transactions!$C$2:$C$5001,$A10,Transactions!$E$2:$E$5001,1)-SUMIFS(Transactions!$H$2:$H$5001,Transactions!$C$2:$C$5001,$A10,Transactions!$E$2:$E$5001,1)) | E10: =IF($A10="","",SUMIFS(Transactions!$G$2:$G$5001,Transactions!$C$2:$C$5001,$A10,Transactions!$E$2:$E$5001,2)-SUMIFS(Transactions!$H$2:$H$5001,Transactions!$C$2:$C$5001,$A10,Transactions!$E$2:$E$5001,2)) | F10: =IF($A10="","",SUMIFS(Transactions!$G$2:$G$5001,Transactions!$C$2:$C$5001,$A10,Transactions!$E$2:$E$5001,3)-SUMIFS(Transactions!$H$2:$H$5001,Transactions!$C$2:$C$5001,$A10,Transactions!$E$2:$E$5001,3)) | G10: =IF($A10="","",SUM($D10:$F10)) | H10: =IF($A10="","",VLOOKUP($A10,Items_Master!$A$2:$L$2001,6,FALSE)) | I10: =IF($A10="","",IF($G10<=$H10,"LOW","OK")) | J10: =IF($A10="","",VLOOKUP($A10,Items_Master!$A$2:$L$2001,4,FALSE)) | K10: =IF($A10="","",VLOOKUP($A10,Items_Master!$A$2:$L$2001,5,FALSE)) | L10: =IF($A10="","",$G10*$J10) | M10: =IF($A10="","",$G10*$K10) | N10: =IF($A10="","",COUNTIF(Transactions!$C$2:$C$5001,$A10))
A11: =IF(ROW()-1<=COUNTA(Items_Master!$A$2:$A$2001),INDEX(Items_Master!$A$2:$A$2001,ROW()-1),"") | B11: =IF($A11="","",VLOOKUP($A11,Items_Master!$A$2:$L$2001,2,FALSE)) | C11: =IF($A11="","",VLOOKUP($A11,Items_Master!$A$2:$L$2001,3,FALSE)) | D11: =IF($A11="","",SUMIFS(Transactions!$G$2:$G$5001,Transactions!$C$2:$C$5001,$A11,Transactions!$E$2:$E$5001,1)-SUMIFS(Transactions!$H$2:$H$5001,Transactions!$C$2:$C$5001,$A11,Transactions!$E$2:$E$5001,1)) | E11: =IF($A11="","",SUMIFS(Transactions!$G$2:$G$5001,Transactions!$C$2:$C$5001,$A11,Transactions!$E$2:$E$5001,2)-SUMIFS(Transactions!$H$2:$H$5001,Transactions!$C$2:$C$5001,$A11,Transactions!$E$2:$E$5001,2)) | F11: =IF($A11="","",SUMIFS(Transactions!$G$2:$G$5001,Transactions!$C$2:$C$5001,$A11,Transactions!$E$2:$E$5001,3)-SUMIFS(Transactions!$H$2:$H$5001,Transactions!$C$2:$C$5001,$A11,Transactions!$E$2:$E$5001,3)) | G11: =IF($A11="","",SUM($D11:$F11)) | H11: =IF($A11="","",VLOOKUP($A11,Items_Master!$A$2:$L$2001,6,FALSE)) | I11: =IF($A11="","",IF($G11<=$H11,"LOW","OK")) | J11: =IF($A11="","",VLOOKUP($A11,Items_Master!$A$2:$L$2001,4,FALSE)) | K11: =IF($A11="","",VLOOKUP($A11,Items_Master!$A$2:$L$2001,5,FALSE)) | L11: =IF($A11="","",$G11*$J11) | M11: =IF($A11="","",$G11*$K11) | N11: =IF($A11="","",COUNTIF(Transactions!$C$2:$C$5001,$A11))
A12: =IF(ROW()-1<=COUNTA(Items_Master!$A$2:$A$2001),INDEX(Items_Master!$A$2:$A$2001,ROW()-1),"") | B12: =IF($A12="","",VLOOKUP($A12,Items_Master!$A$2:$L$2001,2,FALSE)) | C12: =IF($A12="","",VLOOKUP($A12,Items_Master!$A$2:$L$2001,3,FALSE)) | D12: =IF($A12="","",SUMIFS(Transactions!$G$2:$G$5001,Transactions!$C$2:$C$5001,$A12,Transactions!$E$2:$E$5001,1)-SUMIFS(Transactions!$H$2:$H$5001,Transactions!$C$2:$C$5001,$A12,Transactions!$E$2:$E$5001,1)) | E12: =IF($A12="","",SUMIFS(Transactions!$G$2:$G$5001,Transactions!$C$2:$C$5001,$A12,Transactions!$E$2:$E$5001,2)-SUMIFS(Transactions!$H$2:$H$5001,Transactions!$C$2:$C$5001,$A12,Transactions!$E$2:$E$5001,2)) | F12: =IF($A12="","",SUMIFS(Transactions!$G$2:$G$5001,Transactions!$C$2:$C$5001,$A12,Transactions!$E$2:$E$5001,3)-SUMIFS(Transactions!$H$2:$H$5001,Transactions!$C$2:$C$5001,$A12,Transactions!$E$2:$E$5001,3)) | G12: =IF($A12="","",SUM($D12:$F12)) | H12: =IF($A12="","",VLOOKUP($A12,Items_Master!$A$2:$L$2001,6,FALSE)) | I12: =IF($A12="","",IF($G12<=$H12,"LOW","OK")) | J12: =IF($A12="","",VLOOKUP($A12,Items_Master!$A$2:$L$2001,4,FALSE)) | K12: =IF($A12="","",VLOOKUP($A12,Items_Master!$A$2:$L$2001,5,FALSE)) | L12: =IF($A12="","",$G12*$J12) | M12: =IF($A12="","",$G12*$K12) | N12: =IF($A12="","",COUNTIF(Transactions!$C$2:$C$5001,$A12))
A13: =IF(ROW()-1<=COUNTA(Items_Master!$A$2:$A$2001),INDEX(Items_Master!$A$2:$A$2001,ROW()-1),"") | B13: =IF($A13="","",VLOOKUP($A13,Items_Master!$A$2:$L$2001,2,FALSE)) | C13: =IF($A13="","",VLOOKUP($A13,Items_Master!$A$2:$L$2001,3,FALSE)) | D13: =IF($A13="","",SUMIFS(Transactions!$G$2:$G$5001,Transactions!$C$2:$C$5001,$A13,Transactions!$E$2:$E$5001,1)-SUMIFS(Transactions!$H$2:$H$5001,Transactions!$C$2:$C$5001,$A13,Transactions!$E$2:$E$5001,1)) | E13: =IF($A13="","",SUMIFS(Transactions!$G$2:$G$5001,Transactions!$C$2:$C$5001,$A13,Transactions!$E$2:$E$5001,2)-SUMIFS(Transactions!$H$2:$H$5001,Transactions!$C$2:$C$5001,$A13,Transactions!$E$2:$E$5001,2)) | F13: =IF($A13="","",SUMIFS(Transactions!$G$2:$G$5001,Transactions!$C$2:$C$5001,$A13,Transactions!$E$2:$E$5001,3)-SUMIFS(Transactions!$H$2:$H$5001,Transactions!$C$2:$C$5001,$A13,Transactions!$E$2:$E$5001,3)) | G13: =IF($A13="","",SUM($D13:$F13)) | H13: =IF($A13="","",VLOOKUP($A13,Items_Master!$A$2:$L$2001,6,FALSE)) | I13: =IF($A13="","",IF($G13<=$H13,"LOW","OK")) | J13: =IF($A13="","",VLOOKUP($A13,Items_Master!$A$2:$L$2001,4,FALSE)) | K13: =IF($A13="","",VLOOKUP($A13,Items_Master!$A$2:$L$2001,5,FALSE)) | L13: =IF($A13="","",$G13*$J13) | M13: =IF($A13="","",$G13*$K13) | N13: =IF($A13="","",COUNTIF(Transactions!$C$2:$C$5001,$A13))
... A201: =IF(ROW()-1<=COUNTA(Items_Master!$A$2:$A$2001),INDEX(Items_Master!$A$2:$A$2001,ROW()-1),"") | B201: =IF($A201="","",VLOOKUP($A201,Items_Master!$A$2:$L$2001,2,FALSE)) | C201: =IF($A201="","",VLOOKUP($A201,Items_Master!$A$2:$L$2001,3,FALSE)) | D201: =IF($A201="","",SUMIFS(Transactions!$G$2:$G$5001,Transactions!$C$2:$C$5001,$A201,Transactions!$E$2:$E$5001,1)-SUMIFS(Transactions!$H$2:$H$5001,Transactions!$C$2:$C$5001,$A201,Transactions!$E$2:$E$5001,1)) | E201: =IF($A201="","",SUMIFS(Transactions!$G$2:$G$5001,Transactions!$C$2:$C$5001,$A201,Transactions!$E$2:$E$5001,2)-SUMIFS(Transactions!$H$2:$H$5001,Transactions!$C$2:$C$5001,$A201,Transactions!$E$2:$E$5001,2)) | F201: =IF($A201="","",SUMIFS(Transactions!$G$2:$G$5001,Transactions!$C$2:$C$5001,$A201,Transactions!$E$2:$E$5001,3)-SUMIFS(Transactions!$H$2:$H$5001,Transactions!$C$2:$C$5001,$A201,Transactions!$E$2:$E$5001,3)) | G201: =IF($A201="","",SUM($D201:$F201)) | H201: =IF($A201="","",VLOOKUP($A201,Items_Master!$A$2:$L$2001,6,FALSE)) | I201: =IF($A201="","",IF($G201<=$H201,"LOW","OK")) | J201: =IF($A201="","",VLOOKUP($A201,Items_Master!$A$2:$L$2001,4,FALSE)) | K201: =IF($A201="","",VLOOKUP($A201,Items_Master!$A$2:$L$2001,5,FALSE)) | L201: =IF($A201="","",$G201*$J201) | M201: =IF($A201="","",$G201*$K201) | N201: =IF($A201="","",COUNTIF(Transactions!$C$2:$C$5001,$A201))

Sheet SKU_Finder
A1: Scan/Enter SKU: | B1: LAB-001
A3: Description | B3: =IF($B$1="","",VLOOKUP($B$1,Items_Master!$A$2:$L$2001,2,FALSE)) | C3: Location 1 | D3: =IF($B$1="","",SUMIFS(Transactions!$G$2:$G$5001,Transactions!$C$2:$C$5001,$B$1,Transactions!$E$2:$E$5001,1)-SUMIFS(Transactions!$H$2:$H$5001,Transactions!$C$2:$C$5001,$B$1,Transactions!$E$2:$E$5001,1))
A4: Category | B4: =IF($B$1="","",VLOOKUP($B$1,Items_Master!$A$2:$L$2001,3,FALSE)) | C4: Location 2 | D4: =IF($B$1="","",SUMIFS(Transactions!$G$2:$G$5001,Transactions!$C$2:$C$5001,$B$1,Transactions!$E$2:$E$5001,2)-SUMIFS(Transactions!$H$2:$H$5001,Transactions!$C$2:$C$5001,$B$1,Transactions!$E$2:$E$5001,2))
A5: Reorder Level | B5: =IF($B$1="","",VLOOKUP($B$1,Items_Master!$A$2:$L$2001,6,FALSE)) | C5: Location 3 | D5: =IF($B$1="","",SUMIFS(Transactions!$G$2:$G$5001,Transactions!$C$2:$C$5001,$B$1,Transactions!$E$2:$E$5001,3)-SUMIFS(Transactions!$H$2:$H$5001,Transactions!$C$2:$C$5001,$B$1,Transactions!$E$2:$E$5001,3))
A6: Lead Time (days) | B6: =IF($B$1="","",VLOOKUP($B$1,Items_Master!$A$2:$L$2001,7,FALSE)) | C6: Total | D6: =IF($B$1="","",SUM(D3:D5))
A7: Date Needed | B7: =IF($B$1="","",VLOOKUP($B$1,Items_Master!$A$2:$L$2001,8,FALSE))
A8: Unit Cost | B8: =IF($B$1="","",VLOOKUP($B$1,Items_Master!$A$2:$L$2001,4,FALSE))
A9: Sales Price | B9: =IF($B$1="","",VLOOKUP($B$1,Items_Master!$A$2:$L$2001,5,FALSE))
A12: Status: | B12: =IF($B$1="","",IF($D$6<=$B$5,"LOW - Reorder","OK"))
A14: 💡 Scan a barcode or type a SKU into cell B1 to instantly look up this item.

Sheet Graph
A1: SKU | B1: Total Qty
A2: =IF(Inventory_Summary!$A2="","",Inventory_Summary!$A2) | B2: =IF(Inventory_Summary!$A2="","",Inventory_Summary!$G2)
A3: =IF(Inventory_Summary!$A3="","",Inventory_Summary!$A3) | B3: =IF(Inventory_Summary!$A3="","",Inventory_Summary!$G3)
A4: =IF(Inventory_Summary!$A4="","",Inventory_Summary!$A4) | B4: =IF(Inventory_Summary!$A4="","",Inventory_Summary!$G4)
A5: =IF(Inventory_Summary!$A5="","",Inventory_Summary!$A5) | B5: =IF(Inventory_Summary!$A5="","",Inventory_Summary!$G5)
A6: =IF(Inventory_Summary!$A6="","",Inventory_Summary!$A6) | B6: =IF(Inventory_Summary!$A6="","",Inventory_Summary!$G6)
A7: =IF(Inventory_Summary!$A7="","",Inventory_Summary!$A7) | B7: =IF(Inventory_Summary!$A7="","",Inventory_Summary!$G7)
A8: =IF(Inventory_Summary!$A8="","",Inventory_Summary!$A8) | B8: =IF(Inventory_Summary!$A8="","",Inventory_Summary!$G8)
A9: =IF(Inventory_Summary!$A9="","",Inventory_Summary!$A9) | B9: =IF(Inventory_Summary!$A9="","",Inventory_Summary!$G9)
A10: =IF(Inventory_Summary!$A10="","",Inventory_Summary!$A10) | B10: =IF(Inventory_Summary!$A10="","",Inventory_Summary!$G10)
A11: =IF(Inventory_Summary!$A11="","",Inventory_Summary!$A11) | B11: =IF(Inventory_Summary!$A11="","",Inventory_Summary!$G11)
A12: =IF(Inventory_Summary!$A12="","",Inventory_Summary!$A12) | B12: =IF(Inventory_Summary!$A12="","",Inventory_Summary!$G12)
A13: =IF(Inventory_Summary!$A13="","",Inventory_Summary!$A13) | B13: =IF(Inventory_Summary!$A13="","",Inventory_Summary!$G13)
... A201: =IF(Inventory_Summary!$A201="","",Inventory_Summary!$A201) | B201: =IF(Inventory_Summary!$A201="","",Inventory_Summary!$G201)

Sheet Labels_5161
A1: Avery 5161 Labels (20 per page) — Apply barcode font (e.g. Code 128) to row 5/8/11… for scannable barcodes
B2: Left Column | D2: Right Column
B3: =IFERROR(INDEX(Items_Master!$B$2:$B$2001,1),"") | D3: =IFERROR(INDEX(Items_Master!$B$2:$B$2001,1),"")
B4: =IFERROR(INDEX(Items_Master!$A$2:$A$2001,1),"") | D4: =IFERROR(INDEX(Items_Master!$A$2:$A$2001,1),"")
B5: =IFERROR(INDEX(Items_Master!$L$2:$L$2001,1),"") | D5: =IFERROR(INDEX(Items_Master!$L$2:$L$2001,1),"")
B6: =IFERROR(INDEX(Items_Master!$B$2:$B$2001,2),"") | D6: =IFERROR(INDEX(Items_Master!$B$2:$B$2001,2),"")
B7: =IFERROR(INDEX(Items_Master!$A$2:$A$2001,2),"") | D7: =IFERROR(INDEX(Items_Master!$A$2:$A$2001,2),"")
B8: =IFERROR(INDEX(Items_Master!$L$2:$L$2001,2),"") | D8: =IFERROR(INDEX(Items_Master!$L$2:$L$2001,2),"")
B9: =IFERROR(INDEX(Items_Master!$B$2:$B$2001,3),"") | D9: =IFERROR(INDEX(Items_Master!$B$2:$B$2001,3),"")
B10: =IFERROR(INDEX(Items_Master!$A$2:$A$2001,3),"") | D10: =IFERROR(INDEX(Items_Master!$A$2:$A$2001,3),"")
B11: =IFERROR(INDEX(Items_Master!$L$2:$L$2001,3),"") | D11: =IFERROR(INDEX(Items_Master!$L$2:$L$2001,3),"")
B12: =IFERROR(INDEX(Items_Master!$B$2:$B$2001,4),"") | D12: =IFERROR(INDEX(Items_Master!$B$2:$B$2001,4),"")
B13: =IFERROR(INDEX(Items_Master!$A$2:$A$2001,4),"") | D13: =IFERROR(INDEX(Items_Master!$A$2:$A$2001,4),"")
B14: =IFERROR(INDEX(Items_Master!$L$2:$L$2001,4),"") | D14: =IFERROR(INDEX(Items_Master!$L$2:$L$2001,4),"")
B15: =IFERROR(INDEX(Items_Master!$B$2:$B$2001,5),"") | D15: =IFERROR(INDEX(Items_Master!$B$2:$B$2001,5),"")
B16: =IFERROR(INDEX(Items_Master!$A$2:$A$2001,5),"") | D16: =IFERROR(INDEX(Items_Master!$A$2:$A$2001,5),"")
B17: =IFERROR(INDEX(Items_Master!$L$2:$L$2001,5),"") | D17: =IFERROR(INDEX(Items_Master!$L$2:$L$2001,5),"")
B18: =IFERROR(INDEX(Items_Master!$B$2:$B$2001,6),"") | D18: =IFERROR(INDEX(Items_Master!$B$2:$B$2001,6),"")
B19: =IFERROR(INDEX(Items_Master!$A$2:$A$2001,6),"") | D19: =IFERROR(INDEX(Items_Master!$A$2:$A$2001,6),"")
B20: =IFERROR(INDEX(Items_Master!$L$2:$L$2001,6),"") | D20: =IFERROR(INDEX(Items_Master!$L$2:$L$2001,6),"")
B21: =IFERROR(INDEX(Items_Master!$B$2:$B$2001,7),"") | D21: =IFERROR(INDEX(Items_Master!$B$2:$B$2001,7),"")
B22: =IFERROR(INDEX(Items_Master!$A$2:$A$2001,7),"") | D22: =IFERROR(INDEX(Items_Master!$A$2:$A$2001,7),"")
B23: =IFERROR(INDEX(Items_Master!$L$2:$L$2001,7),"") | D23: =IFERROR(INDEX(Items_Master!$L$2:$L$2001,7),"")
B24: =IFERROR(INDEX(Items_Master!$B$2:$B$2001,8),"") | D24: =IFERROR(INDEX(Items_Master!$B$2:$B$2001,8),"")
B25: =IFERROR(INDEX(Items_Master!$A$2:$A$2001,8),"") | D25: =IFERROR(INDEX(Items_Master!$A$2:$A$2001,8),"")
B26: =IFERROR(INDEX(Items_Master!$L$2:$L$2001,8),"") | D26: =IFERROR(INDEX(Items_Master!$L$2:$L$2001,8),"")
B27: =IFERROR(INDEX(Items_Master!$B$2:$B$2001,9),"") | D27: =IFERROR(INDEX(Items_Master!$B$2:$B$2001,9),"")
B28: =IFERROR(INDEX(Items_Master!$A$2:$A$2001,9),"") | D28: =IFERROR(INDEX(Items_Master!$A$2:$A$2001,9),"")
B29: =IFERROR(INDEX(Items_Master!$L$2:$L$2001,9),"") | D29: =IFERROR(INDEX(Items_Master!$L$2:$L$2001,9),"")
B30: =IFERROR(INDEX(Items_Master!$B$2:$B$2001,10),"") | D30: =IFERROR(INDEX(Items_Master!$B$2:$B$2001,10),"")
B31: =IFERROR(INDEX(Items_Master!$A$2:$A$2001,10),"") | D31: =IFERROR(INDEX(Items_Master!$A$2:$A$2001,10),"")
B32: =IFERROR(INDEX(Items_Master!$L$2:$L$2001,10),"") | D32: =IFERROR(INDEX(Items_Master!$L$2:$L$2001,10),"")
A35: 💡 To print barcodes: select the Barcode Text rows → change font to 'Free 3 of 9' or 'Code128'. Print on Avery 5161 sticker sheets.

Sheet Dashboard
A1: 📊 Inventory Dashboard
A3: Total SKUs | B3: =COUNTA(Items_Master!$A$2:$A$2001)
A4: Total On-Hand (All SKUs) | B4: =SUM(Inventory_Summary!$G$2:$G$201)
A5: Total Inventory Cost Value | B5: =SUM(Inventory_Summary!$L$2:$L$201)
A6: Total Inventory Sales Value | B6: =SUM(Inventory_Summary!$M$2:$M$201)
A7: Low Stock SKU Count | B7: =COUNTIF(Inventory_Summary!$I$2:$I$201,"LOW")
A10: Top 5 Most Scanned SKUs
A11: Rank | B11: SKU | C11: Description | D11: Scan Count | E11: Total On Hand
A12: 1 | B12: =IFERROR(INDEX(Inventory_Summary!$A$2:$A$201,MATCH(LARGE(Inventory_Summary!$N$2:$N$201,1),Inventory_Summary!$N$2:$N$201,0)),"") | C12: =IF($B12="","",VLOOKUP($B12,Inventory_Summary!$A:$N,2,FALSE)) | D12: =IF($B12="","",VLOOKUP($B12,Inventory_Summary!$A:$N,14,FALSE)) | E12: =IF($B12="","",VLOOKUP($B12,Inventory_Summary!$A:$N,7,FALSE))
A13: 2 | B13: =IFERROR(INDEX(Inventory_Summary!$A$2:$A$201,MATCH(LARGE(Inventory_Summary!$N$2:$N$201,2),Inventory_Summary!$N$2:$N$201,0)),"") | C13: =IF($B13="","",VLOOKUP($B13,Inventory_Summary!$A:$N,2,FALSE)) | D13: =IF($B13="","",VLOOKUP($B13,Inventory_Summary!$A:$N,14,FALSE)) | E13: =IF($B13="","",VLOOKUP($B13,Inventory_Summary!$A:$N,7,FALSE))
A14: 3 | B14: =IFERROR(INDEX(Inventory_Summary!$A$2:$A$201,MATCH(LARGE(Inventory_Summary!$N$2:$N$201,3),Inventory_Summary!$N$2:$N$201,0)),"") | C14: =IF($B14="","",VLOOKUP($B14,Inventory_Summary!$A:$N,2,FALSE)) | D14: =IF($B14="","",VLOOKUP($B14,Inventory_Summary!$A:$N,14,FALSE)) | E14: =IF($B14="","",VLOOKUP($B14,Inventory_Summary!$A:$N,7,FALSE))
A15: 4 | B15: =IFERROR(INDEX(Inventory_Summary!$A$2:$A$201,MATCH(LARGE(Inventory_Summary!$N$2:$N$201,4),Inventory_Summary!$N$2:$N$201,0)),"") | C15: =IF($B15="","",VLOOKUP($B15,Inventory_Summary!$A:$N,2,FALSE)) | D15: =IF($B15="","",VLOOKUP($B15,Inventory_Summary!$A:$N,14,FALSE)) | E15: =IF($B15="","",VLOOKUP($B15,Inventory_Summary!$A:$N,7,FALSE))
A16: 5 | B16: =IFERROR(INDEX(Inventory_Summary!$A$2:$A$201,MATCH(LARGE(Inventory_Summary!$N$2:$N$201,5),Inventory_Summary!$N$2:$N$201,0)),"") | C16: =IF($B16="","",VLOOKUP($B16,Inventory_Summary!$A:$N,2,FALSE)) | D16: =IF($B16="","",VLOOKUP($B16,Inventory_Summary!$A:$N,14,FALSE)) | E16: =IF($B16="","",VLOOKUP($B16,Inventory_Summary!$A:$N,7,FALSE))
A19: How to use:
A20: 1) Add/maintain SKUs in Items_Master. 2) Log IN/OUT in Transactions (scan or type SKU + qty + location). 3) Inventory_Summary auto-updates. 4) Use SKU_Finder to look up any item by barcode scan. 5) Python script (inventory_manager.py) reads/writes this file as a database. 6) Run app.py for web dashboard at http://localhost:5000
